{
  "rows": 2144,
  "positive_rate": 0.25093283582089554,
  "accuracy": 0.6596736596736597,
  "precision": 0.3680555555555556,
  "recall": 0.49074074074074076,
  "f1": 0.42063492063492064,
  "roc_auc": 0.6498500057690089,
  "hot_tier_precision": 0.3076923076923077,
  "hot_tier_recall": 0.07407407407407407,
  "feature_columns": [
    "Job Title",
    "Job function",
    "Investment Level",
    "Relationship Status",
    "Source",
    "Sport",
    "Wrestler's Grade",
    "Years experience",
    "Customer Type",
    "State/Region",
    "hubspot_10pt_normalized",
    "deadline_urgency",
    "has_email",
    "has_phone",
    "has_message",
    "message_length"
  ]
}